1,1999年度 学位論文紹介
2,90年代の気象学への手引
3,90年代への気象学への手引
4,91年代の気象学への手引
5,92年代の気象学への手引
6,93年代の気象学への手引
7,94年代の気象学への手引
8,GARP NEWS
9,GARPNEWS
10,GARPの窓
11,IAMAP
12,IUGG 2003
13,NEWS
14,NEWS（4月号まで）、気候情報（5月号から）
15,WCPの窓
16,「天気」内容分類番号
17,「天気」原稿執筆要領
18,「天気」投稿案内
19,「天気」投稿規程
20,「天気」第57巻総目次
21,その他
22,カラーページ
23,シンポジウム
24,シンポジウム・講演会
25,世界の天候
26,事務局だより
27,今年お世話になったレフェリーの方々
28,今月のひまわり画像
29,会員の広場
30,会員の広場〔その他〕
31,例会のお知らせ
32,例会・シンポジウム・講演会
33,例会・総会・大会
34,写真
35,写真解説
36,写真説明
37,出版紹介
38,創立125周年記念解説
39,口絵
40,口絵写真
41,口絵説明
42,地区だより
43,地方だより
44,地方だより，支部便り
45,地方便り
46,報告
47,報告及び学界ニュース
48,天気の教室
49,学会だより
50,学会だより[IUGG2003]
51,学会だより[IUGG2004]
52,学会だより[例会・シンポジウム・講演会]
53,学会だより[例会・シンポジウム・講演会関係]
54,学会だより[日本気象学会大会]
55,学会だより[議事録および新入会員]
56,学会だより[賞・奨励金関係]
57,学会だより[隣接分野・その他]
58,学会だより「隣接分野・その他」
59,学会だより〔その他〕
60,学会だより〔ノート・集誌・外国文献関係〕
61,学会だより〔ノート・集誌・外国文献集関係〕
62,学会だより〔例会・シンポジウム・講演会関係〕
63,学会だより〔例会・シンポジウム・講演関係〕
64,学会だより〔例会・シンポジウム等のお知らせ〕
65,学会だより〔例会・総会・大会〕
66,学会だより〔例外・シンポジウム等のお知らせ〕
67,学会だより〔大会・講演会〕
68,学会だより〔支部だより〕
69,学会だより〔日本気象学会100周年記念事業関係〕
70,学会だより〔日本気象学会100年記念事業関係〕
71,学会だより〔日本気象学会101年記念事業関係〕
72,学会だより〔日本気象学会102年記念事業関係〕
73,学会だより〔日本気象学会・講演会〕
74,学会だより〔日本気象学会・講演会関係〕
75,学会だより〔日本気象学会大会〕
76,学会だより〔日本気象学会大会・講演会〕
77,学会だより〔日本気象学会大会・講演会関係〕
78,学会だより〔理事会だより〕
79,学会だより〔議事録および会員名簿〕
80,学会だより〔議事録および新入会員〕
81,学会だより〔賞・奨励金関係〕
82,学会だより〔隣接分野〕
83,学会だより〔隣接分野・その他〕
84,学会だより｢隣接分野・その他｣
85,学会ニュース
86,学会刊行物
87,学会消息
88,学会関係記事
89,学会関係記事　国際関係
90,学会関係記事　学会だより
91,学会関係記事　議事録および会員名簿
92,学会関係記事　隣接分野関係・他団体関係
93,学会関係記事〔シンポジウムのお知らせ〕
94,学会関係記事〔例会のお知らせ〕
95,学会関係記事〔例会・シンポジウムのお知らせ〕
96,学会関係記事〔例会・シンポジウム等のお知らせ〕
97,学会関係記事〔口絵写真〕
98,学会関係記事〔国際関係〕
99,学会関係記事〔大会・講演会〕
100,学会関係記事〔学会だより〕
101,学会関係記事〔新刊紹介・書評〕
102,学会関係記事〔議事録および会員名簿〕
103,学会関係記事〔隣接分野〕
104,学会関係記事〔隣接分野関係〕
105,学会関連記事
106,学位論文紹介
107,学界消息
108,学界関係記事
109,宇宙から見た気象
110,寄書
111,巻頭言
112,座談会およびシンポジウム
113,情報 File
114,情報 File 一覧表
115,情報File
116,情報File一覧表
117,情報の広場
118,投書
119,投稿
120,投稿・その他
121,支部だより
122,支部便り
123,支部関係記事
124,新刊図書案内
125,新刊紹介・書評
126,新書紹介
127,新理事長挨拶
128,新用語解説
129,日々の天気図
130,日々の天気図・今月のひまわり画像
131,日々の天気図・今月の衛星画像
132,日本気象学会創立100周年記念レビュー
133,日本気象学会創立100周年記念特別企画関係
134,日本気象学会創立100周年記念特別企画関係・目録
135,日本気象学会創立100周年記念特別企画関係・通史
136,日本気象学会大会
137,普及講座
138,書評
139,最近の学術動向
140,最近の研究から
141,月例会報告
142,月例報告
143,本だな
144,本学会関係記事
145,正誤表
146,気候情報
147,気象のABC
148,気象情報
149,気象業務の窓
150,気象界消息
151,気象談話室
152,気象集誌
153,気象集誌論文へのアドバイス
154,海外だより
155,特集
156,理事会だより
157,理事会便り
158,理事長メッセージ
159,理事長挨拶
160,用語解説
161,短報
162,研究会報告
163,研究機関めぐり
164,素顔’87
165,素顔’88
166,素顔’89
167,素顔’91
168,素顔’92
169,素顔’93
170,素顔’95
171,素顔’97
172,紹介
173,紹介・話題・寄稿
174,続・気象学入門講座
175,総会・大会・例会
176,総合報告
177,総目次
178,総説
179,編集委員会だより
180,編集後記
181,表紙
182,表紙写真
183,裏表紙写真
184,解説
185,訂正
186,話題
187,話題、雲鏡、寄稿など
188,話題・寄稿
189,読者だより
190,調査ノート
191,論壇
192,論文
193,論説
194,講座
195,講演
196,講演会の紹介
197,講話
198,賞・奨励金関係
199,質疑
200,質疑応答
201,追悼文
202,通信欄
203,速報
204,関連行事予定
205,隣接分野・その他
206,雑文